/*
 Navicat Premium Data Transfer

 Source Server         : localhost
 Source Server Type    : MySQL
 Source Server Version : 80026
 Source Host           : localhost:3306
 Source Schema         : work

 Target Server Type    : MySQL
 Target Server Version : 80026
 File Encoding         : 65001

 Date: 21/12/2021 16:07:26
*/

SET NAMES utf8mb4;
SET FOREIGN_KEY_CHECKS = 0;

-- ----------------------------
-- Table structure for area
-- ----------------------------
DROP TABLE IF EXISTS `area`;
CREATE TABLE `area`  (
  `id` int NOT NULL AUTO_INCREMENT,
  `label` varchar(255) CHARACTER SET utf8mb4 COLLATE utf8mb4_unicode_ci NULL DEFAULT NULL,
  `pid` int NULL DEFAULT NULL,
  `value` varchar(255) CHARACTER SET utf8mb4 COLLATE utf8mb4_unicode_ci NULL DEFAULT NULL,
  PRIMARY KEY (`id`) USING BTREE
) ENGINE = InnoDB AUTO_INCREMENT = 4 CHARACTER SET = utf8mb4 COLLATE = utf8mb4_unicode_ci ROW_FORMAT = DYNAMIC;

-- ----------------------------
-- Records of area
-- ----------------------------

-- ----------------------------
-- Table structure for book
-- ----------------------------
DROP TABLE IF EXISTS `book`;
CREATE TABLE `book`  (
  `id` int NOT NULL AUTO_INCREMENT COMMENT 'ID',
  `name` varchar(255) CHARACTER SET utf8mb4 COLLATE utf8mb4_unicode_ci NULL DEFAULT NULL COMMENT 'еРНзІ∞',
  `price` decimal(10, 2) NULL DEFAULT NULL COMMENT 'дїЈж†Љ',
  `author` varchar(255) CHARACTER SET utf8mb4 COLLATE utf8mb4_unicode_ci NULL DEFAULT NULL COMMENT 'дљЬиАЕ',
  `create_time` datetime NULL DEFAULT NULL COMMENT 'еЗЇзЙИжЧ•жЬЯ',
  `cover` varchar(255) CHARACTER SET utf8mb4 COLLATE utf8mb4_unicode_ci NULL DEFAULT NULL COMMENT 'е∞БйЭҐеЬ∞еЭА',
  `user_id` int NULL DEFAULT NULL COMMENT 'зФ®жИЈid',
  PRIMARY KEY (`id`) USING BTREE
) ENGINE = InnoDB AUTO_INCREMENT = 2 CHARACTER SET = utf8mb4 COLLATE = utf8mb4_unicode_ci ROW_FORMAT = DYNAMIC;

-- ----------------------------
-- Records of book
-- ----------------------------
INSERT INTO `book` VALUES (1, 'зҐ≥дЄ≠еТМйЭ©еСљ', 60.00, 'жЄЕеНОе§Іе≠¶', '2021-12-21 00:00:00', 'https://tostring.oss-cn-beijing.aliyuncs.com/1.png', 13);
INSERT INTO `book` VALUES (2, 'еОїдЊЭйЩД', 98.00, 'жЄ©йУБеЖЫ', '2021-12-21 10:09:24', 'https://tostring.oss-cn-beijing.aliyuncs.com/2.png', 13);

-- ----------------------------
-- Table structure for message
-- ----------------------------
DROP TABLE IF EXISTS `message`;
CREATE TABLE `message`  (
  `id` bigint NOT NULL AUTO_INCREMENT COMMENT 'ID',
  `content` text CHARACTER SET utf8mb4 COLLATE utf8mb4_general_ci NULL COMMENT 'еЖЕеЃє',
  `username` varchar(255) CHARACTER SET utf8mb4 COLLATE utf8mb4_unicode_ci NULL DEFAULT NULL COMMENT 'иѓДиЃЇдЇЇ',
  `time` varchar(255) CHARACTER SET utf8mb4 COLLATE utf8mb4_general_ci NULL DEFAULT NULL COMMENT 'иѓДиЃЇжЧґйЧі',
  `parent_id` bigint NULL DEFAULT NULL COMMENT 'зИґID',
  `foreign_id` bigint NULL DEFAULT 0 COMMENT 'еЕ≥иБФid',
  PRIMARY KEY (`id`) USING BTREE
) ENGINE = InnoDB AUTO_INCREMENT = 29 CHARACTER SET = utf8mb4 COLLATE = utf8mb4_unicode_ci COMMENT = 'зХЩи®Аи°®' ROW_FORMAT = DYNAMIC;

-- ----------------------------
-- Records of message
-- ----------------------------

-- ----------------------------
-- Table structure for news
-- ----------------------------
DROP TABLE IF EXISTS `news`;
CREATE TABLE `news`  (
  `id` int NOT NULL AUTO_INCREMENT COMMENT 'ID',
  `title` varchar(255) CHARACTER SET utf8mb4 COLLATE utf8mb4_unicode_ci NULL DEFAULT NULL COMMENT 'ж†ЗйҐШ',
  `content` text CHARACTER SET utf8mb4 COLLATE utf8mb4_unicode_ci NULL COMMENT 'еЖЕеЃє',
  `author` varchar(255) CHARACTER SET utf8mb4 COLLATE utf8mb4_unicode_ci NULL DEFAULT NULL COMMENT 'дљЬиАЕ',
  `time` datetime NULL DEFAULT NULL COMMENT 'еПСеЄГжЧґйЧі',
  PRIMARY KEY (`id`) USING BTREE
) ENGINE = InnoDB AUTO_INCREMENT = 9 CHARACTER SET = utf8mb4 COLLATE = utf8mb4_unicode_ci ROW_FORMAT = DYNAMIC;

-- ----------------------------
-- Records of news
-- ----------------------------

-- ----------------------------
-- Table structure for permission
-- ----------------------------
DROP TABLE IF EXISTS `permission`;
CREATE TABLE `permission`  (
  `id` int NOT NULL AUTO_INCREMENT COMMENT 'id',
  `name` varchar(50) CHARACTER SET utf8mb4 COLLATE utf8mb4_unicode_ci NULL DEFAULT NULL COMMENT 'еРНзІ∞',
  `path` varchar(50) CHARACTER SET utf8mb4 COLLATE utf8mb4_unicode_ci NULL DEFAULT NULL COMMENT 'иµДжЇРиЈѓеЊД',
  `comment` varchar(255) CHARACTER SET utf8mb4 COLLATE utf8mb4_unicode_ci NULL DEFAULT NULL COMMENT 'е§Зж≥®',
  `icon` varchar(20) CHARACTER SET utf8mb4 COLLATE utf8mb4_unicode_ci NULL DEFAULT NULL COMMENT 'еЫЊж†З',
  PRIMARY KEY (`id`) USING BTREE
) ENGINE = InnoDB AUTO_INCREMENT = 15 CHARACTER SET = utf8mb4 COLLATE = utf8mb4_unicode_ci ROW_FORMAT = DYNAMIC;

-- ----------------------------
-- Records of permission
-- ----------------------------
INSERT INTO `permission` VALUES (1, 'Home', '/home', 'дЄїй°µ', 'el-icon-house');
INSERT INTO `permission` VALUES (2, 'Book', '/book', 'дє¶з±НзЃ°зРЖ', 'el-icon-files');
INSERT INTO `permission` VALUES (3, 'Order', '/order', 'жИСзЪДиЃҐеНХ', 'el-icon-s-order');
INSERT INTO `permission` VALUES (4, 'News', '/news', 'йАЪзЯ•зЃ°зРЖ', 'el-icon-news');
INSERT INTO `permission` VALUES (5, 'Im', '/im', 'иБКе§©еЃ§', 'el-icon-chat-round');
INSERT INTO `permission` VALUES (6, 'Message', '/message', 'еЬ®зЇњзХЩи®А', 'el-icon-message');
INSERT INTO `permission` VALUES (7, 'User', '/user', 'зФ®жИЈзЃ°зРЖ', 'el-icon-user');
INSERT INTO `permission` VALUES (8, 'Permission', '/permisssion', 'еКЯиГљжЭГйЩР', 'el-icon-menu');
INSERT INTO `permission` VALUES (9, 'Role', '/role', 'иІТиЙ≤зЃ°зРЖ', 'el-icon-s-custom');
INSERT INTO `permission` VALUES (10, 'Person', '/person', 'дЄ™дЇЇдњ°жБѓ', '');
INSERT INTO `permission` VALUES (11, 'Password', '/password', 'дњЃжФєеѓЖз†Б', NULL);

-- ----------------------------
-- Table structure for role
-- ----------------------------
DROP TABLE IF EXISTS `role`;
CREATE TABLE `role`  (
  `id` int NOT NULL AUTO_INCREMENT COMMENT 'ID',
  `name` varchar(50) CHARACTER SET utf8mb4 COLLATE utf8mb4_unicode_ci NULL DEFAULT NULL COMMENT 'еРНзІ∞',
  `comment` varchar(255) CHARACTER SET utf8mb4 COLLATE utf8mb4_unicode_ci NULL DEFAULT NULL COMMENT 'е§Зж≥®',
  PRIMARY KEY (`id`) USING BTREE
) ENGINE = InnoDB AUTO_INCREMENT = 3 CHARACTER SET = utf8mb4 COLLATE = utf8mb4_unicode_ci ROW_FORMAT = DYNAMIC;

-- ----------------------------
-- Records of role
-- ----------------------------
INSERT INTO `role` VALUES (1, 'admin', 'зЃ°зРЖеСШ');
INSERT INTO `role` VALUES (2, 'user', 'жЩЃйАЪзФ®жИЈ');

-- ----------------------------
-- Table structure for role_permission
-- ----------------------------
DROP TABLE IF EXISTS `role_permission`;
CREATE TABLE `role_permission`  (
  `role_id` int NOT NULL COMMENT 'иІТиЙ≤id',
  `permission_id` int NOT NULL COMMENT 'иµДжЇРid',
  PRIMARY KEY (`role_id`, `permission_id`) USING BTREE
) ENGINE = InnoDB CHARACTER SET = utf8mb4 COLLATE = utf8mb4_unicode_ci ROW_FORMAT = DYNAMIC;

-- ----------------------------
-- Records of role_permission
-- ----------------------------
INSERT INTO `role_permission` VALUES (1, 1);
INSERT INTO `role_permission` VALUES (1, 2);
INSERT INTO `role_permission` VALUES (1, 3);
INSERT INTO `role_permission` VALUES (1, 4);
INSERT INTO `role_permission` VALUES (1, 5);
INSERT INTO `role_permission` VALUES (1, 6);
INSERT INTO `role_permission` VALUES (1, 7);
INSERT INTO `role_permission` VALUES (1, 8);
INSERT INTO `role_permission` VALUES (1, 9);
INSERT INTO `role_permission` VALUES (1, 10);
INSERT INTO `role_permission` VALUES (1, 11);

-- ----------------------------
-- Table structure for t_order
-- ----------------------------
DROP TABLE IF EXISTS `t_order`;
CREATE TABLE `t_order`  (
  `id` int NOT NULL AUTO_INCREMENT COMMENT 'id',
  `name` varchar(255) CHARACTER SET utf8mb4 COLLATE utf8mb4_unicode_ci NULL DEFAULT NULL COMMENT 'еРНзІ∞',
  `total_price` decimal(10, 2) NULL DEFAULT NULL COMMENT 'жАїдїЈ',
  `pay_price` decimal(10, 2) NULL DEFAULT NULL COMMENT 'еЃЮдїШжђЊ',
  `discount` decimal(10, 2) NULL DEFAULT 0.00 COMMENT 'дЉШжГ†йЗСйҐЭ',
  `transport_price` decimal(10, 2) NULL DEFAULT 0.00 COMMENT 'ињРиіє',
  `order_no` varchar(40) CHARACTER SET utf8mb4 COLLATE utf8mb4_unicode_ci NULL DEFAULT NULL COMMENT 'иЃҐеНХзЉЦеПЈ',
  `user_id` int NULL DEFAULT NULL COMMENT 'зФ®жИЈid',
  `username` varchar(255) CHARACTER SET utf8mb4 COLLATE utf8mb4_unicode_ci NULL DEFAULT NULL COMMENT 'зФ®жИЈиі¶жИЈ',
  `create_time` timestamp NULL DEFAULT CURRENT_TIMESTAMP ON UPDATE CURRENT_TIMESTAMP COMMENT 'еИЫеїЇжЧґйЧі',
  `pay_time` timestamp NULL DEFAULT NULL COMMENT 'жФѓдїШжЧґйЧі',
  `state` int NOT NULL DEFAULT 0 COMMENT 'зКґжАБ',
  PRIMARY KEY (`id`) USING BTREE
) ENGINE = InnoDB AUTO_INCREMENT = 28 CHARACTER SET = utf8mb4 COLLATE = utf8mb4_unicode_ci ROW_FORMAT = DYNAMIC;

-- ----------------------------
-- Records of t_order
-- ----------------------------
INSERT INTO `t_order` VALUES (36, 'еОїдЊЭйЩД', 98.00, 98.00, 0.00, 0.00, '1473130216434368512', 1, 'admin', '2021-12-21 11:16:53', '2021-12-21 11:16:52', 1);

-- ----------------------------
-- Table structure for user
-- ----------------------------
DROP TABLE IF EXISTS `user`;
CREATE TABLE `user`  (
  `id` int NOT NULL AUTO_INCREMENT COMMENT 'ID',
  `username` varchar(255) CHARACTER SET utf8mb4 COLLATE utf8mb4_unicode_ci NULL DEFAULT NULL COMMENT 'зФ®жИЈеРН',
  `password` varchar(255) CHARACTER SET utf8mb4 COLLATE utf8mb4_unicode_ci NULL DEFAULT NULL COMMENT 'еѓЖз†Б',
  `nick_name` varchar(255) CHARACTER SET utf8mb4 COLLATE utf8mb4_unicode_ci NULL DEFAULT NULL COMMENT 'жШµзІ∞',
  `age` int NULL DEFAULT NULL COMMENT 'еєійЊД',
  `sex` varchar(255) CHARACTER SET utf8mb4 COLLATE utf8mb4_unicode_ci NULL DEFAULT NULL COMMENT 'жАІеИЂ',
  `address` varchar(255) CHARACTER SET utf8mb4 COLLATE utf8mb4_unicode_ci NULL DEFAULT NULL COMMENT 'еЬ∞еЭА',
  `avatar` varchar(255) CHARACTER SET utf8mb4 COLLATE utf8mb4_unicode_ci NULL DEFAULT NULL COMMENT 'е§іеГП',
  `account` decimal(10, 2) NULL DEFAULT 0.00 COMMENT 'иі¶жИЈдљЩйҐЭ',
  PRIMARY KEY (`id`) USING BTREE
) ENGINE = InnoDB AUTO_INCREMENT = 17 CHARACTER SET = utf8mb4 COLLATE = utf8mb4_unicode_ci COMMENT = 'зФ®жИЈдњ°жБѓи°®' ROW_FORMAT = DYNAMIC;

-- ----------------------------
-- Records of user
-- ----------------------------
INSERT INTO `user` VALUES (1, 'admin', '$2a$10$.cxJ637DYA1PRSzfPmBO0efS1W2eTQefS51b83Nr5xgRNAW0ffgjO', 'зЃ°зРЖеСШ', 20, 'зФЈ', 'зБЂжШЯ', 'http://localhost:9090/files/888f2d39d0724816a738a716d56ad58a', 100000.00);

-- ----------------------------
-- Table structure for user_role
-- ----------------------------
DROP TABLE IF EXISTS `user_role`;
CREATE TABLE `user_role`  (
  `user_id` int NOT NULL COMMENT 'зФ®жИЈid',
  `role_id` int NOT NULL COMMENT 'иІТиЙ≤id',
  PRIMARY KEY (`user_id`, `role_id`) USING BTREE
) ENGINE = InnoDB CHARACTER SET = utf8mb4 COLLATE = utf8mb4_unicode_ci ROW_FORMAT = DYNAMIC;

-- ----------------------------
-- Records of user_role
-- ----------------------------
INSERT INTO `user_role` VALUES (1, 1);

SET FOREIGN_KEY_CHECKS = 1;
